UPC,r_squared,n_obs,Intercept,C(MONTH)[T.2],C(MONTH)[T.3],C(MONTH)[T.4],C(MONTH)[T.5],C(MONTH)[T.6],C(MONTH)[T.7],C(MONTH)[T.8],C(MONTH)[T.9],C(MONTH)[T.10],C(MONTH)[T.11],C(MONTH)[T.12],LOG_PRICE,FEATURE:C(MONTH)[1],FEATURE:C(MONTH)[2],FEATURE:C(MONTH)[3],FEATURE:C(MONTH)[4],FEATURE:C(MONTH)[5],FEATURE:C(MONTH)[6],FEATURE:C(MONTH)[7],FEATURE:C(MONTH)[8],FEATURE:C(MONTH)[9],FEATURE:C(MONTH)[10],FEATURE:C(MONTH)[11],FEATURE:C(MONTH)[12],DISPLAY:C(MONTH)[1],DISPLAY:C(MONTH)[2],DISPLAY:C(MONTH)[3],DISPLAY:C(MONTH)[4],DISPLAY:C(MONTH)[5],DISPLAY:C(MONTH)[6],DISPLAY:C(MONTH)[7],DISPLAY:C(MONTH)[8],DISPLAY:C(MONTH)[9],DISPLAY:C(MONTH)[10],DISPLAY:C(MONTH)[11],DISPLAY:C(MONTH)[12],TPR_ONLY:C(MONTH)[1],TPR_ONLY:C(MONTH)[2],TPR_ONLY:C(MONTH)[3],TPR_ONLY:C(MONTH)[4],TPR_ONLY:C(MONTH)[5],TPR_ONLY:C(MONTH)[6],TPR_ONLY:C(MONTH)[7],TPR_ONLY:C(MONTH)[8],TPR_ONLY:C(MONTH)[9],TPR_ONLY:C(MONTH)[10],TPR_ONLY:C(MONTH)[11],TPR_ONLY:C(MONTH)[12]
1111009477.0,0.25013189977000505,9550.0,3.115125126453646,-0.16887254406879076,-0.13690298974009513,-0.26402704352167744,-0.22684042934900417,-0.2995036726134532,-0.33865726727520246,-0.1811174517281338,-0.09249247946485695,-0.03332996454746542,0.027001589966144376,0.19591138966341237,1.992527856945499,0.49793693262390487,-3.013129063844739e-16,0.6757922439413111,-2.066361770283267e-16,-0.15304917259698375,7.832904747126087e-17,-7.256212176536095e-17,-1.1145168424358673e-16,0.5888418181171107,8.495306918855584e-17,2.0383115292306444e-16,0.6341532985972436,0.684900753097505,0.6879448065527362,0.5417033228881055,0.7480315730519987,0.7390061370933056,0.7308023218075486,0.8407134770209126,0.7151089483205803,0.5266760904051159,0.46494248318116704,0.4327872590696108,0.6229096560623145,0.26167932759324386,0.38185366625065637,-0.0037561357869465148,0.6453327533113797,0.4153292454812656,0.3865129808967755,0.4304032577476969,0.2040290359865643,-0.4102080896614036,0.7650727981439126,0.4589838817797275,0.4576601642455153
1111009497.0,0.26519003001314323,9568.0,3.040318883224602,-0.08555118723074095,-0.08919693310397214,-0.12852403461665474,-0.17143126945376364,-0.17775150016159902,-0.20333059387105373,-0.10783646393910183,-0.06641698599542195,-0.003091727999702233,0.02227742443424769,0.04956557246156461,1.4070662274683454,0.4593429645664888,-2.1242154799398293e-15,0.7070897935119607,-2.156092026632327e-17,-0.4023139286272661,1.1831472458304834e-16,2.7806131167267343e-16,1.3530836638289005e-16,0.49237086416034276,-5.211245747818516e-17,-1.1385792105236576e-16,0.526236177497353,0.7897093805466703,0.7858796888723685,0.6669808349442998,0.7508969755870819,0.7951602618917573,0.6833313805904412,0.7907471723101126,0.6963303158901053,0.6513180321129386,0.5788711985038815,0.5147534512817168,0.7432935976146252,0.29683691101176923,0.23799247556709702,0.051615959548867996,0.4161459041422393,0.5171071950633808,0.4596389053747257,0.4249494386698471,0.26208230079403794,0.8576445580004783,0.9096269112211808,0.5308357860394994,0.4104007544093604
1111009507.0,0.257189635891793,9032.0,2.078343998559343,-0.13453085302434012,-0.09624743745117653,-0.14942262782337,-0.22682990665918312,-0.1490775417019049,-0.05420762318112467,-0.1164645822316742,-0.11403589632112535,-0.02558365087070346,-0.012650661172620144,0.013705798765390614,2.518776562721731,0.7110237045846451,-9.65793910087998e-16,1.2293856821732156,4.471073547125953e-16,0.19721754019628668,-2.745845840678071e-16,2.66511042386059e-16,4.2035363972217636e-16,0.6938692097006184,2.3817106547515576e-16,-2.0541413639256522e-16,0.9980955825713962,0.9070422511365929,0.6732896352637912,0.5254261843502785,0.6428379250251848,0.8650973281527687,0.5712390319505154,0.7289039837394468,0.7053860744080612,0.6259396611383429,0.6463989125605851,0.6414770928415202,0.7929909747697131,0.3621736732717242,0.19458341780125887,0.21423096820073653,0.3694370066039121,0.6447838126703198,0.8185211967529129,0.23835083516524777,0.11033603340484774,-0.47050215224477526,0.5430054542282856,0.562024122277653,0.6465260639473549
1111035398.0,0.067674075962455,7714.0,2.115613833025011,0.0215934485402662,0.028440809967447633,0.040277693174850915,0.024012531419423232,-0.044092022653799696,-0.047778357527107754,-0.02997551546862822,0.050268878343825325,0.058315092455031095,0.040823275355414856,-0.13464135169042662,-1.050407816057853,-6.192961775723197e-16,-1.165606567153262e-16,1.5918120917772596e-16,6.971950515542167e-18,2.626137904319405e-16,1.9622062862555958e-16,-1.260909329943194e-16,-6.615931952042086e-17,6.808110540456081e-17,-1.4359984207504355e-16,-1.532416707445016e-16,-1.0078813166116949e-16,-0.21547720411202176,-0.29810348974240053,0.4764993742130973,0.004295880444863959,0.5137121672960664,0.41718259493147125,-0.10357967665525261,0.3050557901764512,-0.10185522958174029,-4.4750315374769036e-17,0.19653861703817402,0.5849412967681611,0.17271904095170504,-0.07496926034030188,-0.16484789250631657,-0.2436159120529929,-0.38529971528909596,-0.022704336409563906,-0.07108343074688779,-0.2919300582123906,-0.4513412864579972,-0.80460940295901,-0.8014399894619214,-0.8261928145456243
1111038078.0,0.24757124799537622,8998.0,2.1873594049232086,-0.08471745267380579,-0.0855610302892249,-0.03446660421894017,-0.21204959049338645,-0.19874311992274665,-0.44511789688260234,-0.17204706139616718,0.07548919262416846,0.05478477712870142,-0.039656530112180316,-0.06946303995653641,-1.2063072950464977,0.427046202449127,8.249996265420545e-16,-5.283969518821715e-15,0.4435879324310158,0.4893544904473646,0.36122112858770994,-5.131776688044559e-16,0.3085268846279169,0.1826508457892918,0.34684288284724285,-8.971917320010256e-17,-2.373692660032887e-16,0.4426322499478037,0.19018833003955382,0.01751785208287657,0.4349626320754962,0.392655994963219,0.18918631799721844,0.3280331459316834,0.5936484098145558,0.25515815294521504,0.11759127369194432,-0.1664082359432677,-0.32592966863788475,-0.28717246308813843,0.08450810172966668,-0.8477199800995537,-0.14614618106743432,-0.050697160092045196,-0.06499901314123502,0.1696820461520118,0.4327626553039775,-0.35693947027424927,-0.21388565602359647,-0.6225067070986353,-0.2911067011862317
1111038080.0,0.24201573242912844,8537.0,1.89304371594939,-0.09606393453832372,-0.08213355445261555,-0.12060740087694803,-0.07736163717725814,-0.03907339541464442,-0.048488412740994795,-0.0383877662566586,0.07109979257777539,0.00811728001424014,-0.1148118984298089,0.12839524741426595,-1.0369036940856964,0.8033554017533235,-7.18652119601391e-16,-1.0824425039519739e-15,0.7814091123351056,0.3711678688524162,0.45486693647018783,3.9572047746806924e-16,0.15512548295565962,-0.016567922544033553,0.6496321377887385,5.44627275637136e-16,-3.26797258324737e-16,0.5026085227201323,0.28844559587834245,-0.13256331789574347,0.4437178618755929,0.5342023240210517,0.12687501103717025,0.24226964165706272,0.38946791148971743,0.4486428247162914,0.28775266897142815,0.21330264957179773,-0.2818999701348725,-0.31197320059835887,-0.013414813470712052,-1.0380065583406404,0.10781601161499602,-0.06650800646849937,-0.00036779158093240246,-0.112846992246544,-0.19467866734417394,-0.14700648070518454,-0.48563236211022676,-1.0339554427730313,-0.5684669847972876
1111085319.0,0.11932365742332929,9567.0,2.554712993052134,-0.0030566127499198014,-0.2922383956799187,-0.14781473911865214,-0.3061670577265899,-0.15670722186813982,-0.10740166943036657,-0.031995786497974174,-0.03902602740539606,0.0827534042077109,-0.16506464208419824,-0.24627579193975915,0.411720438016756,2.1154311500058838e-16,-2.7188404627120355e-16,0.06437362674808574,3.4817379112319214e-16,0.7623415127047942,-3.0388935964950116e-17,-2.2128845486551716e-16,0.4620844867988585,-5.110212578144218e-16,-0.6275703986202704,4.448705165318277e-17,-0.8130230550849185,-0.592572364734787,-1.4861570086627828e-16,1.0287791160022723,1.003963196868321,0.6038122756691832,1.0934223248728399,1.4407400844546894,0.7411048660635,1.2184244169416214,0.9935618265574254,-1.315422059367848e-16,1.8572105531633403e-16,-0.5415673274421439,0.3582533898280374,0.5496314456435115,0.8308912353258527,0.7871667602798406,0.7619437879234466,-0.6313689292974825,0.5288193344071755,0.43510986679700286,0.00860126625764488,0.754421253795299,0.7488980921052362
1111085345.0,0.09972661078421408,9584.0,3.3320956822469854,0.12608668222347896,0.022237586346012583,-0.023172356864687438,-0.06950974885074879,0.01845636249752103,0.09525105663631903,0.15490052074084532,0.13474041682926785,0.18017317329639948,0.028051695287532343,-0.11467765588224296,-0.3044267936267908,-6.915051996564405e-16,-3.130867037189324e-17,0.1253644746711884,3.975216677110479e-16,0.3462415020473384,7.648269504081202e-16,9.341049582195045e-17,0.36431225027278535,-1.1936966059386708e-16,-0.31050477140737887,7.41153461508571e-17,-0.36946943258548515,-1.350096664774036e-16,0.9964815194550944,0.6805174224307384,0.6496101734861037,0.4615843966368012,0.5763096333540423,-0.12131367183440057,0.36513979413013853,0.6049284308000467,-2.1498935810822466e-16,-0.2968327364104152,0.3059950559114888,-2.540869422944905e-24,0.25234743158686146,0.3095082865997613,0.5514941679507823,0.4043526174337386,0.42382939966154043,0.0,0.3463911001462562,0.19373484752263656,-0.06455478551319815,0.5288954304880893,0.3445525455907411
1111085350.0,0.128222670396551,9570.0,3.0014509900467323,-0.3278531669659238,-0.5172910420486885,-0.5680802307993933,-0.35914401173905997,-0.29975192676341494,-0.7079090197274694,-0.3776701392349409,-0.5339797066048817,-0.5921813910665142,-0.40393632555343956,-0.18324262331311356,0.7705020458560607,-9.139802875990928e-16,7.319792383812422e-16,-2.1952943822498978e-15,-4.77352206125488e-16,0.4622347658802609,0.8780500457006561,9.818426658164766e-17,0.5629100911281282,-4.96654308209752e-17,0.5980396461783274,-7.55553974795877e-17,-0.24610908867151948,0.5561001274083308,-6.20831759169406e-17,-5.639329976281091e-17,1.4391572358769515,0.7058703799434315,0.6191664678096476,1.8408538663635239,0.3647430157297775,1.424808087042372,1.584129293098551,2.3562107124074126e-16,0.794783678069179,-0.2898728652278858,-0.20459176608500115,0.5589048144636157,0.8069431717550651,0.19160749804843974,-0.05794423962065802,1.1525479817225326,-0.5563994076735571,0.7085695582076827,0.8709621335393625,0.34839965717104604,-0.2939398548457732
1111087395.0,0.29611038816063695,9318.0,4.055573574851231,0.03514296255147175,-0.21553996856027594,-0.04078520678567961,-0.00020800942909744447,-0.14346249695804725,-0.06628278365982893,-0.039876515723979926,-0.1215616823974548,-0.2348520422410758,0.015471999205415001,0.12420277616506374,-1.5134539982038668,0.5466969015867593,0.08552115693157004,9.35552564149595e-16,0.6024383130078106,0.3117485193977307,-1.7753814821167894e-16,3.356552993111396e-16,0.19646145957258726,1.5916286226770076e-16,4.884354935433364e-16,-2.207017183259634e-16,0.3367973028294082,0.8570176823760559,0.8587107110539702,0.8877093966192495,0.7249759991749941,0.5526857049784586,1.1269102656633954,1.3180962177232682,0.7778567370626919,1.0977309811073526,1.066623353674659,1.1536781673837668,0.7051811240965998,0.6634227144979483,0.5073035657350862,0.1180250736300934,0.3077558610620242,-0.2734760240876238,-0.11992408593987795,-0.03343729058909995,0.03517579492390125,-0.5718471223076205,0.15730838698472385,-0.0681628246514727,0.08682442889742373
1111087396.0,0.28160966863967485,9255.0,4.254705509284752,-0.003213603656345958,-0.29253830060866265,-0.01659378747723108,0.00948090832377419,-0.19158380412851442,-0.06167752224869746,-0.0009709157387830711,-0.14455565295396125,-0.27939400587059426,-0.1645359041309549,0.16776047063501875,-1.6337671145032455,0.5807685053911482,0.07444816942531085,1.0287106323524331e-15,0.5915361140153543,0.19594149447410647,-7.016745701590588e-17,-6.790365310683813e-16,0.07238026015359474,7.448656251040435e-16,5.339840665191139e-16,-3.7783956614783987e-16,0.29544072966626794,0.7104731063508243,0.9093351344575054,0.9753527986138169,0.5644375656488501,0.636897402963674,1.0465298735341535,1.2964816677699897,0.9001235869539111,0.9534662400103865,1.1129133942006157,0.9410573133184026,0.6937487506207788,0.27789700583187665,0.4743920720398955,0.029710806782978737,0.004642923533692016,-0.15484444378994042,-0.11359918010844618,-0.08634565713230347,-0.10474133435901721,-0.7536570431508205,0.07806961020635188,-0.010113696200051918,-0.13743817203882266
1111087398.0,0.2743885850651461,9468.0,3.4998818797585582,-0.036064684656189505,-0.3418047057359853,0.015072849250263753,-0.043233739141600114,-0.13723584748306805,-0.028546042765117186,-0.0965446112544212,-0.1475675611716512,-0.29404536560810973,-0.0022619771752393943,0.19283142622656604,-0.8950795749007665,0.5509562954334071,0.16658925124565216,1.824736377642883e-16,0.5865008384660121,0.2760951944524349,3.7871400797871084e-17,8.022384064722053e-17,0.27789584514650306,-3.1051304509080083e-16,2.1193774265661005e-16,4.516743911031144e-16,0.26594748691991243,0.8964415133309098,0.8510695747035038,1.0070795067080325,0.7500510718018111,0.45066249239675243,0.9181525342318878,0.9804378623053241,0.8624922103433045,1.091509153626251,1.2233686813347215,1.0829297169874683,0.7849937654895434,0.6962910482598574,0.5129868781034671,0.3038785310370238,0.16389094745487776,0.07249111661446639,-0.08569919355825695,0.11402934700727592,0.3793804632061875,-0.11463374784846643,0.3629898452055481,0.18939282808899666,-0.3322208455332205
1600027527.0,0.4128900875518633,9588.0,5.365424330986693,0.04900112239574472,-0.34314156504498117,-0.08356080413360545,-0.05624666207047313,-0.14229126080361998,-0.22880946376774225,-0.1890760381282819,-0.12300388665989168,-0.1291110997574767,-0.11385248682215286,-0.1947670261260614,-1.4175985985702697,-7.286667091327797e-17,0.5602807803200727,1.1994369596579505e-15,0.6276261968427286,0.47769379661849376,7.900169665951869e-16,-1.300399039397963e-16,-2.4210359279213933e-16,0.5946899698572912,7.081942697891617e-17,0.5335602104704484,0.9493713547420348,-0.023913507129226297,0.6825455368489042,0.214573241458067,-0.20930528569800255,0.3395807645461094,0.10994405644108018,-6.59306164809444e-16,-0.5373968989404995,0.35901991282742074,0.44605385133632336,0.7256240067746966,0.040727133610433064,-0.8504608807885425,-0.1982276000085601,-0.3585048932743209,-0.8062937229479982,-0.1802316389909001,-0.6533891123869985,-0.9012234455392709,-0.06152211455051959,-0.09471633068390722,-0.0960174393097368,-0.183672679177971,-0.06038940654508054
1600027528.0,0.3579067242917575,9586.0,1.5150945987752713,0.24500068549632528,0.017973356510575356,0.13113061554959182,0.06799599891606667,0.15137436613996536,0.126332586411155,0.1467476312604388,0.002887246610598127,0.10029911444387801,0.05130146518923223,-0.039890426454183746,0.9366012409283612,2.430889805877102e-16,0.781359346004698,1.8989726211836877,7.9955415533967945e-16,-2.1224216739019234e-16,1.7668563225554967,1.3459600630167985,2.6733070559551946,4.3783103765777664e-17,-6.801715258237529e-17,4.706333671192126e-17,-4.9309231903869765e-18,-0.22125201781771275,1.1367376410104797,0.24183514306724266,-0.557464579360521,-1.1157439898736091e-17,0.3584531145619736,0.6979371822757631,0.18415161809944722,0.6487356701462426,1.223571792491284e-16,-2.7948558660236606e-17,1.1067556748862531e-16,0.21136537123554364,1.070622809097515,0.5591249667239303,-0.04889616399318748,-0.7056517106041921,-0.010432035345155195,0.2636120394725543,0.1314805429110721,0.1995680533027773,0.17871044402478922,-0.146238260765453,0.01592971350926657
1600027564.0,0.21054058407219867,9584.0,4.090955280380559,-0.031075442424506994,-0.07534388802038938,0.07877785394816805,-0.09433841611935667,-0.06423112162833448,-0.03794987978674427,-0.11706058381203506,-0.09101684131145008,-0.004926847787330636,-0.042372674738732144,-0.25606185222819694,-0.7086542963508504,0.4265718024850178,-3.2539558672887305e-15,1.4202438303915886e-16,0.40659754701615913,0.776930745156222,1.9657202892726393e-16,1.5375171847139605e-15,0.04514358295816934,4.498602466804194e-16,0.7351382700499547,0.888164995349608,0.48874808776673506,0.3462397745651895,0.03272758239377982,-0.10383919187754809,0.3966817344959186,0.2770446671817859,0.3311376510872407,0.5725441240098912,0.9076045609603763,-0.8534257568248635,0.29737488750284746,0.5569895806479246,0.6595941874505536,-0.5558154152317396,-0.061913393867581906,-0.03928943060803303,-0.3413456909527338,0.12124639758821287,0.11423628669576669,-0.5473714839600509,0.10572372780605643,-0.21969769826035693,-0.6134927696519111,-0.07501532981692088,0.1708671419020005
2066200530.0,0.15028283935100628,4084.0,7.994504515102941,0.21250387495264855,-0.009844510140580659,-0.10561313002262318,-0.04940394982603091,0.1650033871768214,0.04897227298612683,0.11910482613125195,0.11749608038087822,0.03292303018683729,0.25503952711745836,-0.024926950428387218,-3.6638231565294688,-4.253033586731817e-16,1.564164694421819e-16,3.0042591283372857e-16,1.57401304651287e-16,-2.244115544480476e-16,8.674761609244985e-17,-0.4010987921919653,-3.731450917152421e-16,-5.736968784431343e-16,6.373103068118213e-16,6.802293726763918e-18,-3.844799609728881e-18,-9.569153978396412e-17,-9.610835044989942e-17,-0.43920165557569163,0.2791248954105811,-1.7729875330336937,0.3336767350550687,0.33905378712991885,-0.08278283131038999,-0.8602750468670798,0.0,0.0,0.0,0.47995696738920424,0.0,0.0,0.0,-2.3404134989459386,-1.0421872996406591,-0.7391984146858908,-0.7958877223287043,0.0,0.0,0.0,-0.03691675993105248
2066200531.0,0.11902825983554688,3045.0,7.748861003430107,0.2741790471545682,-0.07530252858610785,-0.178920727124957,-0.17369415991328438,-0.056541720472609545,-0.12351395104890725,-0.01042764048991407,-0.07775346470862174,-0.036249328467528895,0.15180900695705585,-0.05858759068813099,-3.456761919990609,9.691464482906816e-19,-3.5061796706201825e-16,6.917402527476559e-17,1.9937738967111136e-16,6.797157154965391e-16,1.762302573082497e-16,-0.10302530323413658,-6.358975952999514e-18,2.730597058809796e-16,-1.1233276439268677e-16,4.2045406728253355e-18,-2.9377609625276736e-17,-1.345978779624056e-16,0.0,0.5832532909483946,-1.1048879797408142,-2.7493467351244916,0.04024021189989454,0.058950904929522825,-0.18069026542809652,0.0,0.0,0.0,0.0,0.0,0.0,-1.690234559955362,0.0,0.0,-0.38360789314667654,-0.44587829476927754,-1.4668790774435092,-0.09004786708707352,0.0,0.0,-0.07586378409981237
2066200532.0,0.2110541409988138,2204.0,8.20036757829386,0.1808217254934082,0.16127477577135638,0.15698116521557193,0.09209836463494411,0.3011499113923441,0.1406869350030717,0.15766441320264463,0.017868865506767806,0.021520736162335827,0.06396537509385279,-0.08730743578334454,-3.9722460843174137,1.5952132357012261e-15,6.756490328558288e-16,1.511986915759962e-16,7.074702727147461e-16,-6.192634357087761e-17,3.5877702327569913e-16,-0.21002968119981968,-2.2360873751277755e-17,2.0953904101904058e-16,1.2192949538822353e-16,9.122330445152763e-17,0.0,0.0,0.0,-0.9324993397830122,0.0,0.0,0.3098454177329184,0.26646878657950646,0.5243549816408222,1.2093147112798863,0.0,0.0,0.0,0.0,0.0,0.0,0.0,0.0,-0.6668411442844858,-0.7007968830032276,-0.5424510407513937,0.132034334257344,0.0,0.0,-0.2211310579666407
2840002333.0,0.0389715620686355,7409.0,1.3661165390349663,-0.09781437329188898,0.017950417345213566,0.04808133915613628,0.151813284570845,0.08810930270279056,0.04341988956642015,0.03219319792628087,0.06474071237177598,0.0677132020159735,0.016408419334322303,-0.12607642016665807,0.41074834193034415,0.4356155993625264,0.44491346948517074,-2.0509525703985323e-16,0.7125340450270846,-1.0776546873016859e-16,3.287105346634602e-16,3.3742196352777495e-17,0.8275674271782739,0.7289774545354255,-2.2119882018061317e-16,-2.4855338929810723e-17,-2.904652717980217e-16,0.6146441980403013,0.7418962243364476,0.4240610889168799,0.31733368992040784,0.14695761869648652,0.5420574027547804,0.2285637882859012,0.1790238478078623,0.5114069268584743,-0.05226598428203747,0.003934092071291385,0.1429401930055399,0.4687434954122247,0.6070887213694406,0.5250159466807928,-0.5944502720397316,0.0471415482006226,0.0,0.0,0.0,0.37500811565288533,0.0,0.0,0.0
2840004768.0,0.09371388920961421,9247.0,3.752177074154757,-0.060113733193014565,0.028570626107403872,0.0032699973352804867,0.055001388234270684,0.02583572044037729,-0.07226456494243882,-0.06863438074027822,-0.033630351966864654,0.01044499587596158,0.04525907243927818,0.21900523661848298,-1.4349040518584726,0.14379883595360002,0.43497846859350836,-4.848335510656933e-16,0.29660550611760395,-1.0116006304163768e-16,-3.6187184636849565e-16,-1.4494334460718014e-16,0.578537193275161,0.35865250047403074,-1.0890905469031285e-16,2.1720697419223706e-16,-4.862459707480355e-16,0.5829888365019928,0.4242433185616253,0.32485816552422453,0.5083323075260637,0.2973607055167606,0.14254227473597167,0.2500041401316074,0.255276382523102,0.43322089037588934,0.06191990166653417,-0.16704445641178992,0.25260599454276966,0.16116190747805317,0.3827617161214668,0.3599534153156794,0.0,0.05431237157363162,0.0,-0.8691047314163702,0.0,-0.3424838645452727,0.0,0.0,0.0
2840004770.0,0.10528476548954613,9044.0,4.561832154864021,-0.02344174194338316,0.01775405358699267,-0.026188387131433677,-0.0011903540258741963,-0.02982237498556433,-0.013700277425103081,0.033302812405044735,0.09848875289225428,0.10590898070046259,0.1239058282368283,0.31577036971823635,-2.493390038426834,-0.22735650259360624,0.13245778682042791,5.802754183377968e-17,-0.4877794515007805,5.608992606564419e-16,2.961146779437279e-16,-5.902393682998305e-16,0.1191479978381993,0.1680700327374542,4.923390476707426e-16,2.7645161627447795e-16,4.804585030192424e-16,0.6821973904247357,0.41667937134237054,0.11865553761956771,0.506675076447461,0.35658379394381723,0.11817339231884089,0.029467060542630635,0.3311207711491795,0.053479951204703474,-0.2771612889567466,-0.07291679808279394,0.21179377200019164,-0.26531607770706617,-0.23455050745719574,-0.08461828398795584,-1.5678199646412372,-0.23972975708018707,0.23788746788512333,0.0,-0.671284291908982,-0.4897360882273377,0.0,0.0,0.0
3000006340.0,0.4163343752786235,8185.0,2.956675459050806,-0.00454703993976217,-0.03514788404840916,-0.025432898593426928,0.06707957572674174,0.10697975067622913,0.04607736164608837,0.07370058886064246,0.04970074376884475,-0.06038946005291731,-0.02970127336146394,0.0065923643018872225,-0.9944244232872268,1.231848248367182,1.0957482994023766,-5.68559044544085e-16,1.4561761082107176,0.13782444295828827,0.3932701261464459,1.3828674232505042e-16,1.6768478188238425,0.7670086642078748,-4.630037295561504e-16,1.4861411880391768,0.9095325109762639,0.9429867364281662,0.5071064955734628,-0.8341942866490677,0.6168703487568254,0.900881943484637,0.47747205497867934,0.8994058024998097,0.34897404352293676,0.8762075015074249,0.41565970887812703,0.42598851138252697,0.6327202731300532,0.7406227919820478,0.39220870237747646,-0.0801721164738043,0.5481422760336281,-0.5540031437862192,-0.3519819427383347,0.10890634855072573,-0.20350606111503855,0.5651535632023282,0.4884623396077099,0.5121531367263958,0.25931717887129374
3000006560.0,0.42439440721022637,8138.0,6.113436821590947,-0.15675664434988554,-0.3641505217531069,-0.1883557173535203,-0.15168198644572642,-0.12799278845171036,-0.14302409700741034,-0.2779200395910179,-0.3682821205874124,-0.335374243220588,-0.5357042826301864,-0.24897544965052548,-3.0439959122210034,0.6426148775277597,3.6047901613173833e-16,6.866516353973259e-16,1.1183308446221643,-0.0933107080815503,-0.10523003423601511,7.596532479883627e-16,0.44331484970548624,0.3290197437266898,1.5869089785454555e-16,0.5230017014246577,-0.19411303977558492,0.23186432835479576,0.8489196521640433,0.7739463685746013,0.21109876759075755,0.5159762520048642,0.40130246709587764,0.5332838592631176,0.12300161976113246,0.3385853925485918,0.6241110391056727,0.321062605042628,0.31432669332134433,-0.13513112548011988,-1.0301748716705013,-5.33101601668444e-17,-0.4302649149054055,-0.2807691234415286,-0.2068760619151881,0.013728585112593856,-0.48665038383087583,-0.2601505853830628,-0.21620714122756343,-0.2632921352598759,-0.3628161159827875
3000006610.0,0.45045636338576556,8395.0,5.6932924702181165,-0.15086563626694582,-0.34594691073016487,-0.31203365906159813,-0.21826134200358166,-0.12828104263381532,-0.224971912477933,-0.2471509350573364,-0.30683619366613646,-0.27151473042775975,-0.49372808373815114,-0.20365334295502546,-3.223167246466618,0.9326495894896611,-0.01901890893802155,1.756367917550581e-16,1.0498632051926273,0.06664941125194072,0.09682229549782882,-1.0282056343768213e-16,0.5486936009913055,0.42436686701971416,3.933335062922032e-16,0.5653249395911396,0.11533372258901216,0.400658964559636,0.55641665936716,0.2674751081811194,0.7604312098958915,0.7112835494809063,0.5325081535077273,0.8719600411688945,0.3151821915265453,0.470454423831877,0.45636299379408163,0.5154534055627434,0.37350493886968744,0.05610957605235164,-0.476210672639402,-0.34883715395129317,-0.08597905034044168,-0.783510423276121,0.5114156309575335,-0.7131723033154167,-0.26261836195618876,-0.593930005100934,0.07607914267470069,-0.28793348383662987,-0.21672614545229493
3500068914.0,0.019423656094505692,1119.0,0.4789469328882268,-0.07240296850160619,-0.10054560652173428,0.0173686786533964,0.03547122487207741,0.017281318922049184,0.0015448189388861775,-0.001324621092020288,0.03584445380470272,0.023613660922967402,-0.013150686745175411,0.09960282947665432,-0.15092517611854547,-1.9743746252457516e-16,1.5158623400835587e-16,4.744322965983217e-18,-3.809439905461237e-17,-4.321147008988681e-17,9.611501324967233e-18,2.0562332510854594e-17,-5.877573406146765e-18,0.0,0.0,0.0,0.0,0.0,0.0,0.0,0.0,0.0,0.0,0.0,0.0,0.0,0.0,0.0,0.0,0.0,0.1404048365026545,0.16856171828720798,-0.011390511663834368,-0.03947585366335226,-0.39237141026571193,-0.19822204999088455,-0.26877337656105654,-0.2213203162824576,0.0,0.0,0.0
3700019521.0,0.2966604802922661,7157.0,3.005509459144172,-0.4478296640223282,-0.4312398429115669,-0.39088095324852096,-0.3137599900807886,-0.34043355129925035,-0.3889038427881306,-0.31998653363120694,-0.38650584232690843,-0.4175938301435193,-0.41080263997307764,-0.3911652591547325,-1.5173831981293688,0.38447161145714287,-0.2034472028428325,0.20496886045177654,0.22120167654878467,0.324153309970641,9.373648224177033e-16,0.36794352073744446,0.07300996807867373,-0.27995617718585514,0.3067698483956405,-1.1481110101487743e-16,0.6502399474419659,0.3931605874875118,0.4373914220192965,0.3297011628070747,0.5786599826239529,0.5344560625080581,0.21579558132356114,0.6711622291962774,0.5568755063836623,0.6097329547001198,0.514183286780385,0.86175857711774,1.1221826417814529,-0.020810128231898907,-0.14499328196225944,-0.16516059926392124,0.27329823066311887,-0.02489201767908972,-0.07599196539116009,0.11786277441731481,0.15383907581377054,0.12556820972173555,0.16847532547382094,-0.19727166208821495,-0.03783897945218994
3700031613.0,0.08456341116364718,8380.0,3.846747978583034,0.1283270021532859,0.044136741195728454,0.07055915998526381,2.1520250468864965e-06,-0.020108433972176327,-0.10189926287015864,0.1413853195029218,0.06497538015075396,-0.20724022763643307,-0.0345041770625502,-0.12080244605451562,-1.9467966655928195,8.25835607636459e-17,9.812464947128798e-16,0.41060712432305424,-3.6878006965392957e-16,1.1770476545100132e-16,-0.07970518955439776,2.5422247885760547e-16,-4.2357190160936914e-16,-0.22584169781888097,0.465939669693682,0.23097886514244387,0.03203732807847591,0.49155190897865764,0.09415197436883638,-0.16763609211332814,0.23727772129022257,0.09456861912061752,0.17679115256952238,-0.09200062349146505,0.8273327641452641,-0.5973249444080289,0.15557906381993206,0.5471134303442485,0.7084886587143225,0.27895219709695657,-0.2522770490757548,-0.27395511014730994,-0.0005800095656886654,-0.3617741898473234,-0.0707859349064589,-0.031096498910963312,-0.005899617856707479,-0.3577026193461511,0.09999502403106805,0.07323228474739611,-0.03890538607515845
3700044982.0,0.07856541619484592,8323.0,2.9289649142703285,0.030901526029621845,-0.05448712722308625,-0.27693704234411454,-0.05373416740621271,-0.08336569952823021,-0.07849690118486388,0.20819410667965066,-0.07741251343956551,0.16450417427167294,0.1155214934014983,-0.19836889694302573,-1.071867108729198,-0.19038735831794876,-2.691784380966616e-16,0.14120014225529023,0.4203675444432301,0.2665564780022576,4.737419516193691e-16,-0.17758508805532705,-0.12747347255406416,0.11944387442534268,-0.028706517704657625,-0.09401149014278685,-7.565583651892202e-17,0.27631531780193547,0.14708516516539766,0.1947902283449089,0.44686773897207427,0.14086331367269275,0.12852328487903766,0.2692114871910862,0.17300296183746058,0.34498889660104765,0.17601233298596097,0.023697498462212876,0.18631808683724307,-0.039543795187162056,-0.39705189167349125,0.013433627901907823,-0.14386109424417504,-0.11702925560657505,-0.09077111632186347,0.10624920423709787,0.2619912812252544,0.0510910576802951,-0.17931786674845948,-0.04892064881552719,-0.23881375502899554
3800031829.0,0.15802814724552283,9523.0,3.0406033556505565,0.036439988269315625,0.0111418374306864,0.02585490834401308,0.06121734428874425,0.08583524803723533,0.010970866704836792,0.1270138004548692,-0.18154684429301787,-0.020286183968466244,0.17920957365957993,-0.07517836557683213,0.040961326418900997,1.0073142933579885e-16,0.2201237611614129,0.8429547204412414,-3.400456140200967e-16,0.5064192076006504,0.5645437404949876,0.605348614475656,-7.131626346729521e-16,3.682719552650868e-16,1.4185283428153013e-17,-0.24922930389921588,0.1354525187508697,0.4110403550766282,0.7423682488082363,0.7997829984387929,0.3001548717064435,1.0642776924169963,0.7127302195089782,0.24251968207196356,-0.6459962921651908,-0.44709741290717797,0.7258232501401846,0.40776090295284123,0.8520438234288402,0.21690744588564598,0.4745145928559657,0.7941760117062602,0.5098988913174932,0.4336494569495059,0.3314669404860418,0.03623247556387235,0.48872364469440477,0.5258467527332378,0.37413889744273354,0.13044634717178172,0.6500727916802216
3800031838.0,0.49501850065862285,9584.0,5.6242429695138325,-0.18002132080389344,-0.24868035417493894,-0.17379512804674602,-0.12975412436527378,-0.005047846584840254,-0.1263649990587066,-0.026985020725409675,-0.24943987540677606,-0.1721480450778691,-0.28450049771034125,-0.15676607816525387,-2.043981605840864,-5.664170788738728e-15,0.33995398865242177,0.9870676337545188,0.8866831613047073,0.34393862199414227,0.3995735742032368,0.8171936630813692,1.0152743149339964,-6.384697125681965e-16,1.774256698973292e-16,-0.26561055938726474,0.449286865985691,0.08384666539018054,0.6519796774403064,0.7316124361952954,0.1111489688383469,0.7107279378386528,0.31111706868524214,0.007558203780881949,0.224870544823711,-0.3121871400548629,0.2955636342664,0.41603119170343766,0.499804285848529,-0.33131271358835357,-0.5285203438453366,-0.5819186934333962,-0.24403156533293655,-0.12030688899951865,-0.14707448554923033,-0.12278427749288112,-0.28698291405908405,-0.7536023603828786,-0.7144068989460952,-0.6674820002692357,-0.02970132678515014
3800039118.0,0.6008137986902709,9558.0,6.790913365497035,-0.2551007405442842,-0.32399046204235143,-0.5059314433470702,-0.49174463305969424,-0.23221368280477633,-0.42190859153829,-0.2924075666620726,-0.3790690196450336,-0.1581380077229912,-0.14920941867121656,-0.24906851856360698,-3.296331143836551,-0.06178903309065772,0.9399914710806863,0.6007035953892783,0.6270447022632671,0.4277262879142859,0.4503906885942513,-1.2817460692185844e-16,0.8478997350674959,-3.7529597878508995e-16,-0.1997968107819119,-0.09794372610303698,0.1294778776840158,0.1327395005513505,0.024014189026062394,0.6266046532095141,0.20840448962235325,0.5064787795457096,0.28353667982757685,0.38385134075445465,0.44652857337451884,-0.05307394045025612,0.44634254583679916,0.7997435092353399,0.32338726718170485,-0.5668039219831912,-0.44878419170752054,0.03766369653057294,-0.24199134610310705,0.0865980968516056,0.017586527560810694,-1.351107496975894,-0.014506196022205377,-0.2600511766457384,-0.1333311344815861,-0.26838790473216473,-0.2074637702094395
4116709428.0,0.029947610771311584,5784.0,3.3569899663613487,-0.02743338624899852,-0.10597945605293749,-0.11939297075081873,-0.1304939416649093,-0.12309312206125617,-0.05811380718185838,-0.13547555697943434,-0.12200795277230282,-0.10955006902606493,-0.1489126615998128,-0.12140288814734318,-1.7457839788205674,-4.255336427964141e-16,2.1167119772157136e-16,-3.204813438541508e-16,4.590080540639607e-16,1.3653032540658913e-16,1.4369099467119937e-16,-3.670891197525113e-16,-1.7711181310682605e-16,-5.61971738226209e-17,-3.831154119136507e-17,-5.5487318060271207e-17,-6.676528393873102e-17,0.3104295417001339,0.39625340591372077,-0.5906451786380177,-7.195221517163922e-17,4.01975214095671e-18,0.0,0.0,0.09354315644883611,-0.2280430916386857,0.0,0.49200879774877576,0.13533143635284184,-0.16776847594593416,-0.19155634586297718,0.3066170205295129,-0.05036370373240451,-0.07162695591552426,-1.051838418117094,0.0,-2.244546132509245,0.0,-1.0160622597162419,-0.17913856194360556,-0.02940802924673236
4116709448.0,0.020287996146374554,6120.0,1.4969144672007086,-0.04640738712496488,-0.14798120761206152,-0.13185938768657018,-0.1437201642535694,-0.16490317117962494,-0.1795902225687705,-0.12082616757575251,-0.10615526004027148,-0.09140267935522772,-0.18741711470482134,-0.18157458314298563,-0.47506487311512835,1.3627272628269798e-16,1.1020281023537069e-16,1.3824533044129844e-16,1.2188455369174818e-16,-7.439208095827229e-17,-1.0596094610313875e-16,-3.5429899154519524e-17,-3.969065463318635e-17,-1.302216467862315e-17,1.012995086446971e-18,-7.065366208496875e-18,-7.00938947266651e-17,-0.1291566478759924,0.4773802791795736,0.1074168031354229,-0.6411132092354718,0.43608422362339533,-1.4220372512726373e-17,-2.2362435853071595e-18,0.0,0.942620575552324,0.011577262993137327,-0.585555482217229,0.8736350982859333,0.005026390529889568,-0.1211861638075965,-0.027058521927120105,-0.011313526961182152,0.14820383750088667,0.43575123012302863,0.06208420213812457,0.0,-0.12731631406231014,0.0,0.3595413768770459,0.1034749552410007
4116709565.0,0.04107108383815361,5774.0,3.1066952178321414,-0.017596915190074735,-0.08712092067353111,-0.1884855840870623,-0.17273101459655235,-0.1941706626352876,-0.15713626515328932,-0.1735314232146486,-0.1940692069656859,-0.21820997865561406,-0.16330606703300843,-0.22858171650642392,-1.5283222434013557,3.8721230561565487e-16,2.66692711862646e-16,-2.6490067236181223e-16,2.8444637175832706e-16,1.5581527661855705e-16,1.513565259622914e-15,-6.40637929690433e-20,3.7786527677500446e-16,-8.34327850564126e-17,-2.1306510650624223e-16,-1.5351714168261233e-16,-2.3759358020468382e-17,-0.5032954117498536,0.0,0.0,0.0,0.10285237999092027,0.0,0.0,1.2611566654732715,0.0,0.0,0.0,0.0,-0.19509338703883597,-0.34072154383252445,-1.1093216716362628,-0.11214076801840897,-0.18313819382720709,-0.797645636785911,-0.18798376481292134,-0.19333604591580628,0.0,0.0,-0.3784417399926293,-0.18669435572065876
7027312504.0,0.07988116984383653,3636.0,3.41064601817369,-0.05890883511823741,-0.11673726776439423,0.03819917987365401,0.2070853009457999,0.17083501064288553,0.2198972280696059,0.08105252255286377,0.1663511783092435,0.21340817216315575,0.0012039838366792177,0.20008681036516962,-1.2248066883077235,-9.118332004947879e-17,2.785913045654987e-17,-3.296375246792377e-16,3.4867252420362193e-16,1.5291824356574674e-16,5.765291693661781e-16,-4.4588374284318674e-17,5.821343578049818e-17,1.2395716067980526e-16,-1.5868606014400408e-17,5.0063622998102856e-17,3.6742947625456966e-16,-1.0878755008564196,-0.12129684139668212,-0.18224028727014932,0.024365812616302746,-0.7376250800824504,-0.03528784256180695,-0.5934354241999431,-1.263349953329073,-0.8368514534445439,-0.3814659693474357,-1.3418388496365181e-17,0.6158307548452018,-0.33918155233171077,-0.23456792180201727,-0.21012851136295485,-0.3549467452198111,-0.578439356055075,-0.5218035147145548,-0.5560093500872303,-0.33895947930031317,-0.4869296080224193,-0.5815895409435401,-0.4044425307474201,-0.3864577078360406
7027316204.0,0.08215798433609878,4047.0,3.732776626586,-0.15742919206119832,-0.20011419248570925,-0.16624652400165715,-0.1551132005752802,-0.008617883642555155,-0.12054619972562002,-0.16264546807783908,-0.11339265289083592,-0.20840306609047096,-0.07926474906122549,0.08668574230143208,-0.977276367838449,-2.946466195644286e-15,1.2750928040823742e-15,-1.1943688796237442e-15,-3.7619083833364464e-16,1.3467337250031484e-16,-4.8943608714247644e-17,-5.954190580401379e-17,3.321221090905087e-17,-8.15017797771788e-17,1.7470757443365994e-16,-3.490888714328214e-16,-4.840467770103256e-17,-0.6417876684624463,-0.14081016483312575,0.06329433235931584,0.0063832730152597345,-0.01289030043497979,0.10954966682672544,-0.2188088380675379,-0.19893744030670693,-0.7388701836939922,-0.5580320861923483,-0.012650508885425956,0.32058898387168866,-0.6596859500038881,-0.4805569013388577,-0.4723505682257251,-0.5153656491604546,-0.5071540675878933,-0.5781042644975286,-0.47848117187252054,-0.5263161719866725,-0.44971041080714125,-0.34591211389715,-0.43151697868139743,-0.4028100498951864
7027316404.0,0.08421602255665572,4039.0,3.6607076203632216,-0.10967502182084149,-0.16257056593059496,-0.06366950799771799,0.08803283427937249,-0.025869126926930955,0.08095432256320036,0.13037204610227965,-0.056115640934582704,0.04872271011645574,0.1610151918214205,0.31927928077553375,-1.0812325300372496,3.55917895042369e-16,9.472895108202195e-16,-6.611243578184164e-16,4.004170434586507e-16,-1.8365506489563958e-16,1.6435510957054895e-16,-1.2176150737535116e-16,-2.7925003407117066e-16,-1.0391189942064785e-17,1.4229918250025294e-16,2.532725357477735e-16,-4.876267473927763e-17,-0.26726470857489176,-0.23764050501747438,0.2615272599635765,0.23939403856553987,0.15188803129971765,0.004770746596944316,-0.029565161566020248,0.33216011742686224,-0.4706543067172889,0.019133439523426235,-0.09320529849726848,0.1812446950742667,-0.3839501045253535,-0.29785903280068043,-0.21788581038307178,-0.5125311757051041,-0.4490211510125853,-0.33128229949599947,-0.5390166695701002,-0.5307982254042899,-0.2582443899369645,-0.40182779219479836,-0.473260736028326,-0.45050337284723196
7110410455.0,0.12279228038178891,3795.0,2.98884683982829,-0.07205072698119006,-0.18395923570207162,-0.14029737737337375,0.05203821810156992,-0.056918788658373326,-0.0438130654237784,-0.20402961807289313,-0.16438135762253123,-0.12778998401480207,-0.04219749955648956,0.37541309250555394,-1.703888480402238,-5.152253148295126e-16,2.9014909800537053e-16,2.7268909945113234e-16,1.036940745232272e-16,-1.7647100314199535e-16,-2.5070556427333037e-16,-1.113534582377123e-16,-1.2001341671583745e-16,7.403343173040847e-17,8.425679597113919e-16,1.1466972386029123e-16,1.127898887700233e-16,0.7452575922667877,0.34317117575825506,0.7284220535801934,0.9601732097026181,1.1693112581144367,0.6455661530074973,0.5416028770053777,0.5968072499818252,0.4967942023077565,0.36509802248090684,0.9279403537400065,0.7243779046241626,-0.12734254970153902,-0.08880792774579732,-0.6463772249771639,0.1092422086101843,-0.04365349504268149,-0.3866732338919239,-0.018066025785783597,-0.03886616754317983,-0.014249986741471302,0.1429733408336844,-0.53838864990043,-0.6444749929300273
7110410470.0,0.06795073325578294,3633.0,3.1020945388993884,0.0751227708425801,0.025079827886886577,0.1127639698106602,0.15680378206466358,-0.03589702078101209,-0.010160956307287184,0.08296597420918203,-0.06113034955534908,-0.084443544913101,-0.06004968206345379,-0.015059920063447717,-1.91578165402505,7.013661670598391e-16,-2.188100257657961e-16,-4.3949100740580787e-16,1.7735230840323372e-16,8.524389807552907e-17,2.2885316128707196e-16,-2.812300200378707e-16,1.5700343821775368e-16,1.9047246941819572e-16,-1.745832190528784e-16,5.470064891845783e-16,-8.769099247442239e-16,0.5480392371847516,0.2546964677007549,0.6828837624650218,0.7515731304938235,0.6420481073387273,0.640470415202813,0.5990798967395183,0.2664048970077172,0.7722089654212348,0.4257825553700708,0.901551681041229,0.4641920955255604,0.0003631076416887702,-0.185219457092388,-0.5478021764075202,-0.1401810001996443,-0.19612181788548463,-1.108470526763902,-0.18901545767938807,-0.44642069578561866,-0.11524894591213991,0.01035039973663335,-0.5891486014898557,0.0
7110410471.0,0.1452912875153426,3560.0,3.453425853446265,-0.10843683314441813,-0.0328351970944144,-0.06055282112148935,-0.05025179479187547,-0.06613643569016497,-0.04839799698745326,-0.34122193231892173,-0.17368699887484496,-0.09864619583395412,-0.029010977346811684,0.27922686954775694,-2.586493213605112,5.165327663567321e-16,8.70582323687224e-17,1.0071267976356525e-16,1.4355971146038453e-16,-6.293024792109326e-16,-2.8672848313975486e-16,7.957795245188887e-16,2.7116364717104193e-16,1.2056157827064117e-16,-4.1274693552207013e-16,-3.0606868993691134e-16,2.762035539572047e-16,0.6555195150747894,0.587317730626374,0.861615945630551,0.31140062301164406,1.2859072913984655,0.6089841975551961,-0.1495724458884831,0.0918563405732466,0.8406121390033371,0.46140170993821017,0.8961954836877319,0.6335527206820745,-0.02489331118821836,0.12805043271093197,-0.4053788103630884,-0.09004958064538604,-0.07678985260367621,-0.36903629557515794,-0.440771948538494,-0.22661933552836122,-0.3467297873534183,-0.11384531345086257,-0.13681764437062205,-0.1080768841123535
7192100336.0,0.5193867375537184,9436.0,6.987200805721933,-0.015604243530251527,-0.21926400460715995,-0.11885211706988363,-0.1259643309370292,-0.19108229001662674,-0.15601288023990825,-0.08528468215336645,-0.1612462196950898,-0.016257212395508244,0.029108859592973366,0.1316727579890109,-2.8051299172162434,0.16452573623760347,0.6064694243115623,0.6213338197634588,0.01018281824988071,0.12262376771601158,0.4012351893841787,0.24061041838403097,0.5933871028107169,0.5288941571566406,0.5022723653863267,0.043539849251938434,-0.4265611182829053,0.3909568550654982,0.49410731174149053,0.21443826698832924,0.33402035509717,0.5320795276053057,0.30872975836472455,0.29222041666483134,0.17648640959163348,0.44936479208312563,0.3039142935644672,0.5006585034084979,0.45143349591479237,-1.3829358094439763,0.43642535848891745,-0.3134602654192966,-0.717237615144968,-0.2796872398630974,-0.3310579310764048,-0.21896737250887266,0.1037046478256245,0.09830337924341537,-0.0071601338316646945,0.5401429638891551,-0.17648616660123295
7192100337.0,0.49050212358842626,9534.0,6.361825438284188,0.13348873609794118,-0.08780339355645532,-0.11181449802362178,-0.08147998233183636,-0.20604506036614262,-0.15225763694273933,-0.09291017568577102,-0.11807271515088064,-0.03082015241193545,0.015551406528654544,0.10736781640639553,-2.280871161435607,0.4149276149473697,0.7569019330172083,0.47181650389308716,0.25065238401821277,0.22952785194941452,0.49515001606663417,0.42957954997447345,0.5906984968817643,0.6617914497790514,0.38333621130011425,-0.024709382161018742,-0.3981830398312913,0.30379833637910714,0.4513485988179933,0.26973812060869584,0.3834930331531361,0.40295263011603405,0.15145108709923102,0.2678118148576199,0.18212628088062813,0.356852646794808,0.4452850828046095,0.6325510831477715,0.43866319261576364,0.37907906206205,0.48403010439891203,-0.6712969101018217,-0.4363698472624874,-0.5223226845482194,-0.34626847440873676,0.2596862851795934,-1.6531727828465373e-16,0.04774035205071688,0.05519583703652722,0.5088513474008969,0.17988369109494298
7192100339.0,0.43501975736034637,9568.0,5.272075532096434,0.07093041947756545,-0.14260620339522329,-0.12398731922647355,-0.07242000249341685,-0.08643309406693256,-0.13930968690034903,-0.10370270417798848,-0.1274936812695422,0.0070940451582585246,0.04212168641498601,0.09280405563366627,-1.5415183650177289,0.41501462698236247,0.8950347053453487,0.6946447096488819,0.34702013442813284,0.3221878738326007,0.5555262313457823,0.5653767320798533,0.8358707973283818,0.7206098221611121,0.6406629884147921,0.05797176891004746,-0.29532343760566915,0.3424859806450049,0.47403506223285197,0.31227792947529276,0.1972733176144716,0.3571337267908401,0.1104695457546518,0.3063219002935259,0.12839425378317543,0.49784736936568597,0.42388137043771984,0.6807659589687293,0.6247845384177826,0.04755999214331952,0.7501090689890488,-0.2561721656266517,-0.4323607459145538,-0.2777947432533714,-0.5703065153005089,-0.05023081998921386,1.4464797138956763e-16,0.2811865343597325,0.2378181377151538,0.6842892331507808,0.6834005523627495
7218063052.0,0.44778508416177265,8322.0,7.939280055824007,0.032022738338453746,-0.2406646405419131,-0.059413396717605566,-0.10476382331039524,-0.25595394489002593,-0.10993566614224932,-0.1459190535280073,-0.22378424207054481,-0.03613289492588793,0.05989539314043461,0.007741629653606336,-3.476253516092918,-0.16398457138575823,-0.3323658521750981,0.4231415326857661,-0.07406374719627364,0.29776773264730405,-1.3608255038173625e-15,5.498174366588442e-16,-0.15991146966216738,-0.4676994207945322,-0.019881436521414986,-0.3012544226313942,0.09288722079921563,0.3974622521523941,0.7261115072585961,0.576010828015334,0.2438742482027956,0.378772873749692,-0.5974840423522332,0.5771815525911378,0.49905055567224543,0.6266636960080079,0.43581935196549565,0.26257698544869684,0.32442064897702144,-0.18880677712723287,-0.09087010191875389,-0.0451228251343245,-0.597006036419503,0.10340358395266387,-0.6956129202136913,-0.43732002695472233,-0.5054948373037198,-0.10905417681892272,-0.18489855712679268,-0.3377737930553354,-0.3834562819948486
7218063979.0,0.4901698146058442,7803.0,7.956952133166732,0.10568597845227097,-0.08705574060616228,0.021258070837761288,-0.09099600335499877,-0.15898022839235224,0.039507445406608645,-0.16493363408750925,-0.20560580764697345,-0.17902297116814683,0.09454202979134209,0.0092661678806554,-3.573978871000482,0.005387816309031214,-0.47689430104207853,0.4684229802415862,-0.20870428741440109,0.35684798870139117,4.125802360515374e-16,-7.287108403140149e-16,-0.10422101201622042,-0.4096175068927956,0.060750922829403566,-0.4414016166797407,0.06234310698582186,0.36634715300282644,0.6670433209637754,0.3921987198536749,0.41352208534634805,0.5912332550908042,0.5578493417115613,0.25667404646772846,0.4680240986216849,0.5498417422814351,0.5676629253485683,0.6638222763513009,0.6289001137260343,-0.40548331203944454,-0.3980932727015353,-0.1628171234898255,-0.6746384448715707,0.048803229763741025,-0.7609170076432493,-0.6279386447379761,-0.30164442916534334,-0.28439981709372486,-0.30576239839212205,-0.5682103548100557,-0.35462807729804174
7218063983.0,0.391530204785427,6967.0,7.042003941464078,0.12453555978240405,-0.03198527489240667,0.011639671250453735,-0.08595963720765658,-0.15127576766441048,-0.034562428290785,-0.1019564064229076,-0.1717993330313853,-0.1692058653557192,0.0054837372856136515,-0.017398473586094046,-3.1049829718346564,-0.17743356683358455,-0.4304557531490303,0.23791972879452633,-0.10680548206496189,0.2639663376624291,1.0345880185367292e-15,1.8379836869951901e-16,-0.2876020487560097,-0.3532984963241383,0.0030578765106855114,-0.2488526628560764,-0.1091617352856374,0.5309947466168128,0.47995859817756054,0.5035054422022252,0.2710588597580028,0.32635844457990465,0.207668515261616,0.25451751859757077,0.3276415801516983,0.4645323836472349,0.5283345819841405,0.6008434415792964,0.7837373348595522,-0.4970121812530031,-0.3781099520534688,-0.2499123823613837,-0.5069562645602411,0.09002331660729844,-0.6458210520271598,-0.5589726324321409,-0.848660129446638,-0.09286248989363208,-0.15325043185209572,-0.04086528631338484,-0.27816807787439485
7797502248.0,0.11817260001996965,8792.0,2.9181245710802344,0.023033273548741247,-0.045788908582878984,0.13545821411686987,0.13091565765931762,0.15979311409554367,-0.012278364065975683,0.045328932409264576,0.004599726737973042,0.11321461542825584,0.11910056214917604,0.47645946142591905,-1.311839537199403,6.687908520502878e-17,-8.38834104515069e-17,4.671733335273541e-16,-1.9446912306169477e-16,-7.355925156212912e-16,2.7370863260638328e-17,-3.7946244127823034e-16,1.1431669773090068e-16,-5.956144101769781e-16,-4.1601529732403054e-16,-4.876949125910023e-16,2.1987999031974217e-18,0.6570968153145794,0.8991525356124817,1.0166153080260598,1.1282332707476765,0.4557692610134355,0.22723863112783693,0.869300950001745,0.6809748727608119,0.3241191300905868,1.0385813718092907,0.8597548083492821,0.6214003324381501,-0.6470794819047445,0.10544554570904618,-0.18883987079625625,-0.1792595337642341,-0.19133750647569914,-0.2012156627458341,0.12086641393965741,0.23737740830317855,-0.3679137698782793,0.027531018061230483,-0.0033362081263665355,-0.2155890278549536
7797508004.0,0.10463593687279482,8096.0,2.999241562065596,0.15308407691573125,0.007075250937423838,0.02845109128827128,0.0897716022075327,0.1528311163078081,0.07408107857912288,-0.22311675151660082,-0.2215318039139712,-0.07867149869299395,0.27628308922815836,-0.034614981145771884,-1.0027786802431762,-7.044224313763385e-16,-0.17140945155181642,-0.17826928112586937,-2.9138111922180273e-16,2.2394373785104893e-16,0.9856399573225851,-0.5476990382267525,2.217722563905545e-15,-0.4121303307124487,-4.813412251151615e-16,-0.8316716991362804,1.6302903612451635e-15,0.8666127372984699,0.5149362854361338,0.6477427498858088,0.3908010937960622,0.6097307186246175,0.6018461117573106,0.743618204758208,0.6038631578551185,0.8147611627765381,0.12394531174693878,0.6528012604430908,0.6553337577997919,-0.0038725478050826156,-0.09325197513096484,0.4193478028858504,0.010577988131958316,-0.20755182529095562,-0.11881253930765667,0.3083351222626709,0.1205452468796656,-0.14625175759584153,-1.6251431208892786,-0.5573664059532116,-0.6746566773188358
7797508006.0,0.1322551571765237,8513.0,4.344483263122878,-0.1049968745840645,-0.1310406860433679,-0.10716127219630513,-0.005089984220788344,0.022055290034455634,-0.040860931231940054,-0.22235503229683845,-0.11749587914030897,-0.11537632144088875,0.0892111299330586,0.20828242436658195,-2.2523244116418306,-1.3120356715342766e-15,0.31587185076221586,0.2622104945755185,-8.824839102859559e-16,-3.8151441340543197e-16,1.1312326348891306,-0.1467127493761535,5.146350139563438e-16,-0.020243781839977378,-1.5915240282914974e-16,-0.3010207822808134,7.435599375493956e-16,0.6202488675933223,0.5899307223705572,0.5892541969901225,0.3706063959706455,0.5600209454068952,0.5155338072308452,0.5478232361531465,0.4336018796860845,0.4664930516687169,0.3932197261117471,0.591390581167131,0.5729590964827174,-0.29287110208658346,-0.11527366273863136,0.012990899444191092,-0.12853820672647331,-0.35582860337297756,-0.1363156586487731,-0.04092702300408024,-0.06746978442617702,-0.3952565333853064,-1.0738681276986002,-0.2154911508305888,-0.3741723581524178
31254742725.0,0.2220653735835526,8072.0,2.456627822070521,0.019027029937776274,0.06117851171839943,0.02702001113226693,0.007108440275032157,-0.07906898799404549,0.07038010059633842,-0.03355592253038431,-0.06130631629667388,0.00764453580193758,-0.08009610893326768,-0.19054486527689835,-1.04283466455241,1.516509318309758e-15,-4.0280664065519872e-16,0.9518475544992878,0.1529466461732708,1.4751743036142588,1.4250426110325924e-15,0.7949202206700978,-8.538977305342574e-16,-1.2161335389309873e-16,9.54887865860985e-17,0.23705277169185435,-2.1983092270594964e-16,-0.053504106146388675,-0.13435551754034858,0.03448588640701977,0.10942379967264901,0.06485652395530572,-0.21495894089950177,0.4181950442070939,0.26502481828710633,0.03304679992324271,0.6106937947158274,0.5791834730336722,0.33022944359643286,0.4422332631444855,0.5890749895615767,-0.3668422042366958,-0.09189421980718626,0.12579170847263565,-0.09512604060321075,0.35689736339910844,0.19507023032254595,0.5559611512908882,0.0,0.2727816364428704,0.3793168821237281
31254742735.0,0.16839963739809005,8857.0,4.424566784319156,-0.05539332842129018,-0.14280403914291917,-0.38382443723379767,-0.0893103230739359,-0.44400201967797126,-0.505730701440888,-0.3894980692784688,-0.16973075867853385,-0.16814417978516114,-0.033255117189784224,-0.2582656337182606,-1.8560295523684458,-0.0002982950409582117,0.14808542120758864,-1.18941239470189e-15,0.620009415188983,0.304669260151129,0.9923089627374106,-3.644133757425684e-17,0.3169180094730314,-0.36738954062758666,-0.5353745694213972,0.46877532179207343,-0.005708227298433899,0.30201656672152455,0.27482463322296774,-0.06927526996535521,0.43006574441936274,0.09323587370273759,0.42484926000409595,0.19906535060259764,0.19115239523004604,0.12694935469740454,0.3327176832378881,0.09324253160470862,0.12394495983233818,-0.10668661170949009,-0.23962515172055956,-0.5183777318692074,0.399122347102196,-0.3564459981349189,0.286397914832896,-0.3932657196851834,0.09449429898260123,-0.2034053744835735,-0.14515397668550237,-0.2213176328676318,-0.07532897010685705
31254742835.0,0.18602470100990165,8372.0,4.8167462497472,-0.009889806716674714,-0.06820189264562504,-0.20045390140711009,-0.020783280069274806,-0.35136694257019896,-0.2814232093985,-0.32718073409417064,-0.11533263018645783,-0.09129539723660174,-0.07840125651749785,-0.15647665110533754,-2.266283051948024,0.2204605647727067,-0.012342038756219234,2.90059779769822e-16,0.3391217707305317,0.42355166539429345,0.6030126720167299,4.131991561321231e-17,0.32764026172668353,-0.08801023190594714,0.2364760708150775,0.6882353079319647,0.19019248414073994,0.14966987314776026,0.30006499061272973,0.21535343697301657,0.18165198667604227,0.04489970883508025,0.5424861344009515,0.5050096308062969,0.18936333855087006,0.08999112586508629,0.21423404571235513,0.32086589219064265,0.16563873739804952,0.2790338215687971,-0.12348921804183127,-0.4938448834202184,0.05333189053692712,-0.46846447798087076,0.15302011582852493,0.14786832912800094,0.03825578410549526,-0.32531049498336473,-0.503397712190815,0.076946511140496,-0.7866900674475403
88491201426.0,0.1686537132656657,8560.0,4.308190668589794,0.0182362433299954,-0.10083336677789587,-0.13692616021495166,-0.13465102031633552,-0.08309554476411107,-0.2658791406569961,-0.03259556056099258,-0.10064781587094218,-0.0794245245473115,-0.2806186542089382,-0.13096811474718997,-0.8494388677822637,2.1734413007152936e-16,0.6583625195158916,0.4634824278026506,1.3517927856810558e-16,-5.769384385977934e-16,-9.501946551940694e-17,3.7073745561149426e-16,0.6517524456174468,0.23787383355900982,-2.456720179375383e-16,-1.1000642089012416e-16,2.5007456973761017e-16,-3.8820956123476456e-17,0.1586294906093897,0.39893449482526777,0.4300138965521191,0.4038978411632135,0.46089547372799533,0.7281725030359347,0.1594692204219465,0.5830269573381746,0.20078397851890498,-3.4877557263157814e-18,2.4954503108271068e-17,0.0,-0.23680625952880077,0.1834532166390163,0.1525210277466974,0.00805837031913123,-0.019342094960934197,0.38645613887589975,-0.8186723515425955,0.4679059662602817,0.3295729862105451,-0.09855015376235632,-0.05306786401445385
88491201427.0,0.21290979972494983,8250.0,5.577979685252046,0.01888737087524052,0.05063001731435445,0.002603522465070696,-0.15298783350380102,-0.05488695444269835,-0.281564712994692,-0.022598755704755787,-0.22197240952348476,-0.07937358003603476,-0.1607788176364342,-0.12808724916323555,-2.0963411292471688,-4.798849204619618e-16,0.5405021327520138,0.04730152628621678,-4.665293711052506e-16,-3.0790620235732785e-16,-2.1140254829116704e-17,-2.6744361864582836e-16,0.613359357302675,0.31816887613043054,-7.921393744874081e-17,3.2813407883653915e-16,1.6125187902561455e-16,-0.15492144338838024,0.32130659230634967,0.3933754983582722,0.37429734801597053,5.987294253934666e-17,1.293185320013323e-17,0.07151816513875078,0.1191832330278552,0.5041773043977983,-1.3019283079129942,1.1856147766084455e-16,0.31585494323675534,-1.4832387081873282,-0.693104634987512,-0.13627729685109677,-0.7515031533651688,-0.8241958817358427,-0.2764916198453355,0.1169014774894333,0.0854016313348763,-0.08216106287983582,-0.02364758737544647,-0.44368288812367374,-0.7021581294193872
88491212971.0,0.4523772983901877,8075.0,3.662514206262854,-0.30614965878640477,-0.4449607304657976,-0.3181833502232596,-0.47554882971169754,-0.36285261305564126,-0.2203418210084641,-0.20348116448267584,-0.16602771800091717,-0.07641167034947235,-0.04582269522910008,-0.19296954661306434,-0.6865838091248307,0.40104564774672447,4.482871604736083e-16,1.6974321345539061e-16,0.8319412903342001,-1.4561389792739604e-16,0.5768318924579678,1.0759879219170856,0.922907604208392,0.5359736156592384,0.6601582606335473,3.988886413001878e-17,0.1841896679110338,0.8575213756255213,-8.273283421511013e-17,0.24863894327436334,0.6282379215217366,0.12978420824688633,1.1069157155737661,0.992245067801552,0.4586505450515181,0.5728057621379883,0.39237349799747767,0.0776317129314137,1.160482727170428,0.5068412511082517,-0.36855564345525216,-0.4722582110515219,-0.18121617503198018,-0.6748613578206911,0.7257888910516301,0.5797261301648523,0.459237752634809,0.6825960147348993,0.35902232407613577,0.05836905008790688,1.3419851407634624
